exchange,symbol
NSENG,ABBEYBDS
NSENG,ABCTRANS
NSENG,ACADEMY
NSENG,ACCESSCORP
NSENG,AFRINSURE
NSENG,AFRIPRUD
NSENG,AFROMEDIA
NSENG,AIICO
NSENG,ALEX
NSENG,ARADEL
NSENG,ASOSAVINGS
NSENG,AUSTINLAZ
NSENG,BERGER
NSENG,BETAGLAS
NSENG,BUACEMENT
NSENG,BUAFOODS
NSENG,CADBURY
NSENG,CAP
NSENG,CAVERTON
NSENG,CHAMPION
NSENG,CHAMS
NSENG,CHELLARAM
NSENG,CILEASING
NSENG,CONHALLPLC
NSENG,CONOIL
NSENG,CORNERST
NSENG,CUSTODIAN
NSENG,CUTIX
NSENG,CWG
NSENG,DAARCOMM
NSENG,DANGCEM
NSENG,DANGSUGAR
NSENG,DEAPCAP
NSENG,EKOCORP
NSENG,ELLAHLAKES
NSENG,ENAMELWA
NSENG,ETERNA
NSENG,ETI
NSENG,ETRANZACT
NSENG,EUNISELL
NSENG,FCMB
NSENG,FIDELITYBK
NSENG,FIDSON
NSENG,FIRSTHOLDCO
NSENG,FTGINSURE
NSENG,FTNCOCOA
NSENG,GEREGU
NSENG,GOLDBREW
NSENG,GTCO
NSENG,GUINEAINS
NSENG,GUINNESS
NSENG,HMCALL
NSENG,HONYFLOUR
NSENG,IKEJAHOTEL
NSENG,IMG
NSENG,INFINITY
NSENG,INTBREW
NSENG,INTENEGINS
NSENG,JAIZBANK
NSENG,JAPAULGOLD
NSENG,JBERGER
NSENG,JOHNHOLT
NSENG,JULI
NSENG,LASACO
NSENG,LEARNAFRCA
NSENG,LEGENDINT
NSENG,LINKASSURE
NSENG,LIVESTOCK
NSENG,LIVINGTRUST
NSENG,MANSARD
NSENG,MAYBAKER
NSENG,MBENEFIT
NSENG,MCNICHOLS
NSENG,MECURE
NSENG,MEYER
NSENG,MORISON
NSENG,MTNN
NSENG,MULTITREX
NSENG,MULTIVERSE
NSENG,NAHCO
NSENG,NASCON
NSENG,NB
NSENG,NCR
NSENG,NEIMETH
NSENG,NEM
NSENG,NESTLE
NSENG,NGXGROUP
NSENG,NNFM
NSENG,NPFMCRFBK
NSENG,NSLTECH
NSENG,OANDO
NSENG,OKOMUOIL
NSENG,OMATEK
NSENG,PHARMDEKO
NSENG,PREMPAINTS
NSENG,PRESCO
NSENG,PRESTIGE
NSENG,PZ
NSENG,REDSTAREX
NSENG,REGALINS
NSENG,ROYALEX
NSENG,RTBRISCOE
NSENG,SCOA
NSENG,SFSREIT
NSENG,SKYAVN
NSENG,SOVRENINS
NSENG,STACO
NSENG,STANBIC
NSENG,STERLINGNG
NSENG,SUNUASSUR
NSENG,TANTALIZER
NSENG,THOMASWY
NSENG,TIP
NSENG,TOTAL
NSENG,TRANSCOHOT
NSENG,TRANSCORP
NSENG,TRANSEXPR
NSENG,TRANSPOWER
NSENG,TRIPPLEG
NSENG,UACN
NSENG,UBA
NSENG,UCAP
NSENG,UHOMREIT
NSENG,UNILEVER
NSENG,UNIONDICON
NSENG,UNITYBNK
NSENG,UNIVINSURE
NSENG,UPDC
NSENG,UPDCREIT
NSENG,UPL
NSENG,VANLEER
NSENG,VERITASKAP
NSENG,VFDGROUP
NSENG,VITAFOAM
NSENG,WAPCO
NSENG,WAPIC
NSENG,WEMABANK
NSENG,ZENITHBANK
